"plot","trt","trt.full","num","quad","temperature","gravimetric.moisture","volumetric.moisture","bulk.density","bulk.n","bulk.c","bulk.cn","ton","toc","sand","silt","clay","ph","p","k","ca","mg","som","no3","nh4","cec","k.meq","ca.meq","mg.meq","h.meq","pon","poc","fpom","g475mm","g2mm","g250um","g53um","l53um","mwd","tic","maoc"
"A1","A","Balled-and-burlapped","1","Q1",16,0.289209590654354,0.283083068565434,0.978816324607152,0.26,3.78,14.54,0.29,2.89,32,53,15,7.7,85,40,6986,380,4,10.2,1,38.2,0.1,34.9,3.2,0,0.029665,0.388745,0.0996803251970929,8.45199445378671,22.2261208304966,51.7839289398898,10.3368497229385,7.1014257276913,1.88717575236217,0.89,2.501255
"A1","A","Balled-and-burlapped","1","Q2",16.6,0.303814062812658,0.302503102964929,0.995684992868361,0.28,3.93,14.04,0.32,3.06,40,45,15,7.6,94,47,7115,458,4.4,9.8,1,39.5,0.1,35.6,3.8,0,0.03139,0.38972,0.0897122926773836,9.9710229294652,30.8097929938687,42.2539914494217,8.21365879624046,8.66182153832658,2.16328432217877,0.87,2.67028
"A1","A","Balled-and-burlapped","1","Q3",16.3,0.284624284379678,0.2826998619552,0.993238727227114,0.29,3.93,13.55,0.33,3.23,33,46,21,7.6,130,68,5960,513,5,10.2,1.9,34.2,0.2,29.8,4.3,0,0.03168,0.40788,0.109648357716802,4.65068525239557,28.4040083452368,52.0294415808502,7.60560881253819,7.20060765126239,1.85197018162752,0.7,2.82212
"A1","A","Balled-and-burlapped","1","Q4",15.6,0.285156346019615,0.271386295910107,0.95171052546535,0.28,3.92,14,0.34,3.3,39,42,19,7.7,121,60,6077,505,4.7,7.5,1.2,34.7,0.2,30.4,4.2,0,0.03827,0.55694,0.318977040630697,7.82161607724029,25.7210127122319,49.8700666961056,9.09084565797487,7.17748181581668,1.94152308546491,0.62,2.74306
"A1","A","Balled-and-burlapped","1","Q5",16,0.251966228549687,0.210572924601104,0.835718841422353,0.3,3.98,13.27,0.33,3.27,33,48,19,7.8,109,56,6114,518,5.6,11.8,1,35,0.1,30.6,4.3,0,0.039355,0.53009,0.219296715433604,2.56008979203694,20.9094434149682,52.2575101649012,12.0412836034836,12.0123763091765,1.47503897351195,0.71,2.73991
"A2","A","Balled-and-burlapped","2","Q1",17.7,0.237462979175204,0.256606625908722,1.08061739476196,0.3,4.15,13.83,0.33,3.14,37,48,15,7.8,118,53,7652,505,5.1,9.7,1,42.6,0.1,38.3,4.2,0,0.030125,0.49641,0.149520487795639,10.4267613762663,21.8526186519831,52.5006304780569,8.89148500758069,6.1789839983174,2.00633460990603,1.01,2.64359
"A2","A","Balled-and-burlapped","2","Q2",16.6,0.34527160883099,0.273447523158046,0.791978014305539,0.3,4.18,13.93,0.36,3.31,41,42,17,7.7,101,76,7797,471,5.1,23.1,1,43.1,0.2,39,3.9,0,0.0536,0.620995,0.269136878032151,9.44969482868441,20.8341847694444,48.8732634441347,4.70481166897759,15.8689084107268,1.8625237847224,0.87,2.689005
"A2","A","Balled-and-burlapped","2","Q3",15.9,0.262662321294218,0.258536627644856,0.984292784633009,0.26,4.06,15.62,0.32,3,40,45,15,7.6,122,62,7340,536,5,8.4,1,41.3,0.2,36.7,4.5,0,0.032615,0.405285,0.0697762276379651,2.1224931644217,13.2602743003189,60.2567565816427,14.2941586332631,9.99654109271566,1.28238735874052,1.06,2.594715
"A2","A","Balled-and-burlapped","2","Q4",17.5,0.249956211547187,0.22778725125459,0.911308624197112,0.25,3.99,15.96,0.31,3.09,42,43,15,7.6,112,83,7323,597,5.8,9.7,1,41.8,0.2,36.6,5,0,0.04257,0.531765,0.0996803251970929,10.0612336237686,26.81251227314,46.6285622010213,7.77506536537325,8.62294621149972,2.08267648152375,0.9,2.558235
"A2","A","Balled-and-burlapped","2","Q5",17.4,0.286393717160093,0.264244676810951,0.922662268681119,0.32,4.26,13.31,0.36,3.77,36,45,19,7.7,101,67,7349,510,6.6,11.8,1,41.2,0.2,36.7,4.3,0,0.049855,0.564995,0.129584422756221,5.00724177562557,20.5561763424697,58.0100617320254,8.5824759994697,7.71445972765341,1.67859826037896,0.49,3.205005
"A3","A","Balled-and-burlapped","3","Q1",16.2,0.233238860476883,0.246167389441457,1.05543042415033,0.27,3.99,14.78,0.09,2.93,44,39,17,7.8,108,68,6295,581,5.4,8,1,36.5,0.2,31.5,4.8,0,0.03655,0.48579,0.179424585354767,2.20084190002661,17.6592667315918,57.2545845473566,8.65225222710766,14.0536300085625,1.39352616159975,1.06,2.44421
"A3","A","Balled-and-burlapped","3","Q2",16.4,0.278600596306301,0.234751815648395,0.842610600123421,0.28,4,14.29,0.37,3.49,42,41,17,7.5,118,61,6083,524,4.9,7.3,1,34.9,0.1,30.4,4.4,0,0.031675,0.3851,0.0797442601576743,10.1218392614884,30.2513838121146,45.9526299158598,5.52229001591895,8.07211273446058,2.19158481250629,0.51,3.1049
"A3","A","Balled-and-burlapped","3","Q3",16,0.24040488249383,0.225045977136217,0.936112340155957,0.27,3.63,13.44,0.32,3.13,36,43,21,7.6,119,61,6075,518,4.4,6.9,1,34.8,0.2,30.4,4.3,0,0.05683,0.84101,0.0697762276379651,3.65627432822937,18.9050714359051,55.3907618268214,10.8452193814437,11.1328967999625,1.51071022730105,0.5,2.28899
"A3","A","Balled-and-burlapped","3","Q4",16.1,0.255449318678915,0.224406124359796,0.878476112288484,0.26,3.7,14.23,0.32,3.17,37,44,19,7.8,114,78,6195,582,5.7,7.3,2.1,36,0.2,31,4.9,0,0.03417,0.46006,0.249200812992732,3.65318423814826,18.2077078808262,59.6433238603798,10.0577448123867,8.18883839526637,1.53362551297987,0.53,2.70994
"A3","A","Balled-and-burlapped","3","Q5",16.1,0.240171218523366,0.272410625114401,1.13423509606709,0.28,3.91,13.96,0.34,3.36,39,44,17,7.9,119,52,6179,527,5.3,5.6,1,35.4,0.1,30.9,4.4,0,0.044535,0.590135,0.0996803251970929,9.03970965114877,36.2686863229623,41.9737900552927,2.74071054129407,9.87742310410513,2.27670696825281,0.55,2.769865
"B1","B","Bareroot","1","Q1",16.2,0.256063005543038,0.258459797820033,1.00936016615095,0.3,4.05,13.5,0.36,3.31,42,43,15,7.9,112,69,7214,544,6,9.6,1,40.8,0.2,36.1,4.5,0,0.051185,0.68324,0.348881138189825,8.96634493180371,25.5793669701268,44.2732157969392,8.01928216210613,12.8129090008343,1.94513101483542,0.74,2.62676
"B1","B","Bareroot","1","Q2",16.3,0.264209909215528,0.228377671229251,0.864379658989067,0.29,4.05,13.97,0.34,3.3,37,46,17,7.7,103,52,6239,485,5.3,8.1,1,35.4,0.1,31.2,4,0,0.049435,0.68324,0.0996803251970929,9.87054516166654,23.5315343692777,52.543193976916,6.82810227600087,7.12694389094175,2.02489204620781,0.75,2.61676
"B1","B","Bareroot","1","Q3",16.1,0.272349468456276,0.228379582551316,0.838553435943206,0.29,4.05,13.97,0.34,3.62,43,40,17,7.8,103,60,5904,520,5.9,8.1,1,34,0.2,29.5,4.3,0,0.057285,0.753315,0.239232780473023,6.67070704251466,24.3760260843475,52.3402448348147,8.44292354419377,7.9308657136563,1.84956723786816,0.43,2.866685
"B1","B","Bareroot","1","Q4",15.5,0.248769867959928,0.220603819030972,0.886778695667864,0.3,4.02,13.4,0.35,3.28,38,45,17,7.8,97,53,6810,534,6.1,7.7,1,38.6,0.1,34.1,4.5,0,0.05131,0.71029,0.348881138189825,9.13689796821593,20.4611809925569,45.8728856557022,5.95091541426645,18.2292388310688,1.79812770445182,0.74,2.56971
"B1","B","Bareroot","1","Q5",16.2,0.26749101932606,0.229260557755939,0.857077588374956,0.34,4.3,12.65,0.39,3.64,38,43,19,7.7,145,119,8262,811,5.4,8.1,1,48.4,0.3,41.3,6.8,0,0.044055,0.547425,0.0598081951182557,8.00333331007459,29.5553161012632,46.5902849561456,6.45928507277162,9.33197236462665,2.04163093957678,0.66,3.092575
"B2","B","Bareroot","2","Q1",16.3,0.234956684998458,0.237865338908772,1.01237953246716,0.27,3.86,14.3,0.33,3.21,43,38,19,7.8,126,56,6232,553,5.2,6.6,1,35.9,0.1,31.2,4.6,0,0.03,0.4913,0.239232780473023,4.03286659682399,27.8530751878725,51.295495346424,8.96126123521865,7.61806885318782,1.78778716655685,0.65,2.7187
"B2","B","Bareroot","2","Q2",16.2,0.271143867436133,0.229056842225569,0.844779726687062,0.33,4.23,12.82,0.39,3.82,40,43,17,7.7,113,55,6286,511,5.5,7.9,1,35.8,0.1,31.4,4.3,0,0.0427,0.60422,0.4286253983475,6.65854604284061,26.4335276767407,50.1446859920236,7.95448995072802,8.3801249393196,1.89279263900671,0.410000000000001,3.21578
"B2","B","Bareroot","2","Q3",16.9,0.260205334016528,0.245160071092421,0.942179267842558,0.33,4.08,12.36,0.35,3.5,40,41,19,7.7,118,78,5792,520,5,8.9,1.1,33.5,0.2,29,4.3,0,0.04291,0.62971,0.249200812992732,6.73390436868961,27.9619261029877,50.3657769533107,6.04062770694383,8.64856405507538,1.94876795118056,0.58,2.87029
"B2","B","Bareroot","2","Q4",16.7,0.288293120509003,0.245111378725288,0.850215843834656,0.29,4.08,14.07,0.37,3.61,34,45,21,7.6,135,111,6511,614,5.5,7.3,2.4,38,0.3,32.6,5.1,0,0.04845,0.73196,0.249200812992732,8.71026617637238,27.362747668228,49.4598821579196,6.68854982072493,7.52935336376241,2.04532902980143,0.47,2.87804
"B2","B","Bareroot","2","Q5",16.4,0.266687830297489,0.226533635409873,0.849433718655912,0.28,4.18,14.93,0.34,3.46,43,38,19,7.8,123,50,6008,541,5.5,4.6,1,34.7,0.1,30,4.5,0,0.0403,0.59178,0.159488520315349,7.34893197515568,24.4601562788138,51.9670416972768,8.28343502387842,7.78094650455989,1.89120331098168,0.72,2.86822
"B3","B","Bareroot","3","Q1",16.2,0.22917684854978,0.203694193144651,0.88880789850117,0.27,3.97,14.7,0.33,3.11,34,49,17,7.7,102,57,6228,559,5.3,7,1,35.9,0.1,31.1,4.7,0,0.03258,0.58407,0.289072943071569,2.99399824761988,21.4153210653434,53.9868641267455,10.6956988936481,10.6190447235715,1.53719067949087,0.86,2.52593
"B3","B","Bareroot","3","Q2",16.4,0.25788255099383,0.213242296185229,0.826896955080654,0.29,4.13,14.24,0.35,3.43,39,44,17,7.5,129,66,6146,594,5.3,6.7,1.2,35.8,0.2,30.7,5,0,0.045155,0.73648,0.667858178820523,5.01940277529961,22.0764009820506,50.0264651263398,8.65145478450609,13.5584181529834,1.64097014673941,0.7,2.69352
"B3","B","Bareroot","3","Q3",16.7,0.226200823718826,0.189494101932377,0.837725074635109,0.31,4.24,13.68,0.36,3.51,39,40,21,7.6,115,53,5867,543,5.6,6.7,1,34,0.1,29.3,4.5,0,0.03718,0.52238,0.269136878032151,3.29204241995919,19.8425648943837,57.366027150927,8.4728276417529,10.7574010149451,1.53775840878303,0.73,2.98762
"B3","B","Bareroot","3","Q4",17,0.267459307111842,0.170528590832521,0.637587050807739,0.26,3.83,14.73,0.32,3.25,39,42,19,7.9,112,49,6004,525,6.3,6.4,1,34.5,0.1,30,4.4,0,0.0351,0.56547,0.13955245527593,3.27908397768357,21.2542376598249,57.7139114858648,10.1873292351429,7.42588518620784,1.59108743260364,0.58,2.68453
"B3","B","Bareroot","3","Q5",16.9,0.243286318696198,0.17283931415252,0.710435815210602,0.28,4.23,15.11,0.37,3.65,42,43,15,7.9,89,51,6890,533,5.7,8,1,39,0.1,34.5,4.4,0,0.035015,0.616065,0.408689333308081,9.57598980070913,21.4880877027373,44.3175735416519,6.74835801584319,17.4613016057504,1.84448877450018,0.580000000000001,3.033935
"C1","C","Seedling","1","Q1",16.4,0.277067102632937,0.246946807373703,0.89128880703265,0.35,4.8,13.71,0.1,3.25,48,39,13,7.7,94,58,8084,529,5.8,9.2,1,45,0.1,40.4,4.4,0,0.064605,1.161975,0.627986048741685,10.2438479795296,31.9712681430652,44.768726693494,5.75155476387226,6.63661637129725,2.24443738929254,1.55,2.088025
"C1","C","Seedling","1","Q2",14.4,0.279751809334249,0.265640972886529,0.949559445276507,0.26,4.53,17.42,0.36,3.68,41,44,15,7.8,108,55,6739,521,5.2,9.1,1,38.2,0.1,33.7,4.3,0,0.04235,0.770725,0.229264747953314,2.94046991298904,28.8275500469993,50.8760405379946,7.90464978812947,9.22202496593424,1.74471577152073,0.85,2.909275
"C1","C","Seedling","1","Q3",16.1,0.306193286540282,0.24920022706926,0.813865744363652,0.25,4.4,17.6,0.37,3.57,40,45,15,7.8,115,51,6435,456,5.1,10.6,1,36.1,0.1,32.2,3.8,0,0.042225,0.679185,0.159488520315349,12.3988369299656,28.7278697218022,46.9981768468521,5.45251378828098,6.26311419278375,2.29698150531246,0.830000000000001,2.890815
"C1","C","Seedling","1","Q4",16.3,0.305317364596633,0.269287025789044,0.881990535143031,0.24,4.17,17.38,0.34,3.44,40,45,15,7.4,108,50,6461,557,4.6,8.1,1,37.1,0.1,32.3,4.6,0,0.025965,0.35189,0.249200812992732,4.54492442736145,23.2025892961273,54.1164485495017,8.75193255230476,9.134904361712,1.69489554498723,0.73,3.08811
"C1","C","Seedling","1","Q5",16,0.261019622690203,0.242566625340568,0.929304175833798,0.24,4.25,17.71,0.35,3.53,44,41,15,7.8,112,54,6092,558,4.6,6.6,1,35.2,0.1,30.5,4.7,0,0.02416,0.35811,0.199360650394186,4.00565386804518,28.5051838753119,50.6258429217499,8.14388256860249,8.52007611589632,1.79928910484078,0.72,3.17189
"C2","C","Seedling","2","Q1",16.2,0.227362779691065,0.182347725814289,0.802012211770361,0.22,4.27,19.41,0.38,3.75,38,43,19,7.7,95,50,6590,556,6.5,8.4,1,37.7,0.1,33,4.6,0,0.03151,0.45628,0.0398721300788372,2.5133397195195,20.4230034280064,57.6650681265183,10.5362103733327,8.82250622254431,1.51419614795351,0.52,3.29372
"C2","C","Seedling","2","Q2",16.4,0.24006713796078,0.212685427678502,0.885941447401469,0.23,4.37,19,0.37,3.78,42,41,17,7.5,109,46,6331,560,4.7,9.4,1,36.4,0.1,31.7,4.7,0,0.0312,0.43671,0.538273756064302,11.3138165901952,39.186229761156,36.9597700175537,4.40587037371151,7.59603950131927,2.46626336837761,0.59,3.34329
"C2","C","Seedling","2","Q3",16.6,0.234315464228848,0.218128018601252,0.930916016657842,0.18,3.51,19.5,0.33,2.87,30,51,19,7.6,127,47,5793,503,3.9,5.8,1,33.3,0.1,29,4.2,0,0.014715,0.27798,0.229264747953314,4.66095232589087,20.6459883154723,55.3486967295882,11.214036584673,7.90106129642237,1.63359992005638,0.64,2.59202
"C2","C","Seedling","2","Q4",17.2,0.236863090087121,0.212650231615309,0.89777698812041,0.19,3.94,20.74,0.33,3.33,40,43,17,7.8,118,50,6296,520,6.3,6.5,1,35.9,0.1,31.5,4.3,0,0.02649,0.491855,0.269136878032151,5.17340887772912,29.694270474588,50.1187691074723,5.07372855253203,9.67068610964637,1.90350929568873,0.61,2.838145
"C2","C","Seedling","2","Q5",16.2,0.236348560766396,0.202529457017052,0.856910049971618,0.17,3.63,21.35,0.32,3.21,39,44,17,7.7,121,57,6301,558,5.1,6.3,1,36.3,0.1,31.5,4.7,0,0.01803,0.314195,0.129584422756221,4.22903747681186,22.5888575338888,53.2736513999603,9.66899154411801,10.1098776224648,1.6459521813544,0.42,2.895805
"C3","C","Seedling","3","Q1",15.6,0.260470119096319,0.201866731129781,0.775009171225252,0.32,4.45,13.91,0.1,3.17,36,43,21,7.7,125,65,6215,564,5.4,6.2,1,35.9,0.2,31.1,4.7,0,0.030625,0.578865,0.328945073150407,5.87475964581587,27.9752832665641,50.6642198469508,6.81813424348116,8.33865792403761,1.89898368432437,1.28,2.591135
"C3","C","Seedling","3","Q2",16.2,0.206318489363847,0.169299358655062,0.8205728879514,0.27,3.74,13.85,0.34,3.56,38,45,17,7.8,107,48,5473,544,5.4,4.1,1,32,0.1,27.4,4.5,0,0.017265,0.34697,0.229264747953314,6.59664456089321,21.902159773606,52.7294965047094,8.31333912143755,10.2290952914005,1.76553552756311,0.18,3.21303
"C3","C","Seedling","3","Q3",16,0.249261351790643,0.233966534937723,0.938639437108701,0.27,3.76,13.93,0.31,3.32,38,45,17,7.8,121,50,5829,558,5.3,7.5,1,33.9,0.1,29.1,4.7,0,0.01231,0.25035,0.219296715433604,8.68833650482901,24.9303483727685,44.0884084740238,5.48241788584011,16.5911920471049,1.8995811681936,0.44,3.06965
"C3","C","Seedling","3","Q4",16.1,0.266294652127674,0.182137359917886,0.683969274120311,0.3,4.12,13.73,0.37,3.88,47,38,15,7.2,94,73,6476,578,6.5,14.3,1.2,37.5,0.2,32.4,4.8,0.1,0.01896,0.34171,0.4286253983475,7.32381253320601,25.3631603447743,49.7963032554597,7.47472854555441,9.61336992265803,1.89443233599845,0.24,3.53829
"C3","C","Seedling","3","Q5",16.2,0.231078116190703,0.195879126052984,0.847674930374326,0.29,4.05,13.97,0.34,3.65,41,40,19,7.5,111,57,6420,572,5.6,10.7,1,37,0.1,32.1,4.8,0,0.017415,0.345555,0.588113918662848,5.21716854049065,21.9662542227078,52.4812924949686,9.59921531648005,10.14795550669,1.67891292624553,0.4,3.304445
"D1","D","Acorn","1","Q1",16.3,0.393587591694641,0.289835726123825,0.736394470353856,0.28,8.11,15.46,1.08,8.11,38,43,19,7.7,113,100,6436,614,5.3,13,1,37.6,0.3,32.2,5.1,0,0.038715,0.72309,0.219296715433604,5.15496801756766,31.2680234487997,43.2911652330975,6.4393490077322,13.6271975773694,1.88070622513599,0,7.38691
"D1","D","Acorn","1","Q2",17,0.291976464159757,0.235391157014105,0.806199080776967,0.27,3.94,14.59,0.37,3.82,40,43,17,7.7,110,60,6597,525,5,8.4,1,37.5,0.2,33,4.4,0,0.02535,0.36816,0.0398721300788372,11.1921069131296,29.2540821585176,46.2098051548683,5.13353674765029,8.17059689575532,2.22845970472694,0.12,3.45184
"D1","D","Acorn","1","Q3",16.4,0.310619894601306,0.23523299293086,0.757301760187615,0.29,4.14,14.28,0.4,4.08,44,39,17,7.6,123,100,6824,528,6.6,9.8,1.1,38.8,0.3,34.1,4.4,0,0.04344,0.578445,0.309009008110988,10.5975137733289,28.2027537686639,46.126671763654,5.7914268939511,8.97262479229112,2.15513351182757,0.0599999999999996,3.501555
"D1","D","Acorn","1","Q4",16.8,0.405463193262643,0.291689887788799,0.71939917762117,0.29,4.07,14,0.41,4.07,42,39,19,7.6,129,85,6794,543,5.3,15.4,1,38.7,0.2,34,4.5,0,0.0379,0.53553,0.0797442601576743,7.20628942979864,29.9680923279044,41.4739929047545,3.93737284528517,17.3345082320997,1.94337160725553,0,3.53447
"D1","D","Acorn","1","Q5",17.1,0.305358264482775,0.228871940109972,0.749519389945585,0.29,4.08,14.07,0.41,4.05,39,44,17,7.4,91,65,6607,533,5,8.6,1,37.6,0.2,33,4.4,0,0.034885,0.451965,0.149520487795639,14.2751196911505,29.2681370843704,45.5609859181605,4.62516708914511,6.12106972937789,2.41740672662771,0.0300000000000002,3.598035
"D2","D","Acorn","2","Q1",17.3,0.229977929279102,0.191747251642338,0.833763710471685,0.23,3.95,17.17,0.35,3.44,45,42,13,7.4,87,55,7561,468,5.2,9.5,1,41.8,0.1,37.8,3.9,0,0.0462,0.898075,0.348881138189825,3.85643242122513,17.4940964327402,46.5507118670424,17.6832896899643,14.0665884508382,1.38675901384261,0.51,2.541925
"D2","D","Acorn","2","Q2",17.2,0.277069200010603,0.213575602733417,0.770838486288782,0.22,3.72,16.91,0.29,3.03,34,53,13,7.7,85,73,8608,463,4.5,16.2,1,47.1,0.2,43,3.9,0,0.033465,0.623075,0.0797442601576743,6.54760184089625,16.1612708045299,43.3504750265897,13.4568439016075,20.4040641662189,1.47093246957009,0.69,2.406925
"D2","D","Acorn","2","Q3",18.1,0.256494291905053,0.209423099789204,0.816482496486614,0.26,4.21,16.19,0.09,3.28,38,47,15,7.6,86,69,8263,518,5.8,8.3,1,45.8,0.2,41.3,4.3,0,0.04726,0.76372,0.27910491055186,6.98489942753589,28.5571173247396,46.0423422085372,9.89825629207133,8.23827983656414,1.94206225634391,0.93,2.51628
"D2","D","Acorn","2","Q4",16.9,0.329506453316987,0.224187493124335,0.6803736038173,0.26,4.02,15.27,0.35,4.02,36,47,17,7.7,117,100,7207,586,5.6,7.7,1.5,41.2,0.3,36,4.9,0,0.03192,0.50218,0.0598081951182557,13.8005416628871,28.0380818714383,38.0946305199226,6.05059573946354,13.9563420111702,2.26380104006451,0,3.51782
"D2","D","Acorn","2","Q5",16.8,0.307938593475758,0.212128655392096,0.688866741247862,0.28,4.14,14.54,0.37,4.14,35,48,17,7.6,113,98,7205,609,6.8,17,1.6,41.4,0.3,36,5.1,0,0.055575,0.657255,0.0498401625985465,7.89468175560976,19.4309848316449,46.9052747837685,6.25992442237744,19.4592940440009,1.69624982680543,0,3.482745
"D3","D","Acorn","3","Q1",16.5,0.306828927148347,0.252694397827803,0.823567713045612,0.31,4.38,13.65,0.47,4.38,45,38,17,7.7,117,90,7090,614,5.7,9.3,1,40.8,0.2,35.5,5.1,0,0.048055,0.60945,0.13955245527593,7.8075611513875,24.1589223360682,49.4912814603566,6.02069164190441,12.3819909550073,1.87899391650975,0,3.77055
"D3","D","Acorn","3","Q2",16.8,0.350220964760589,0.262138593955172,0.748494865618253,0.35,5.31,14.11,0.46,5.31,35,42,23,7.5,124,100,6705,518,5.5,15.1,1,38.1,0.3,33.5,4.3,0,0.049575,0.835565,0.877186861734418,11.89026791081,28.8038261296024,38.1563326412196,3.89750071520633,16.3748857414272,2.16529716698548,0,4.474435
"D3","D","Acorn","3","Q3",20.5,0.297478590068732,0.254346617368536,0.855008144652593,0.31,4.27,13.52,0.42,4.27,45,38,17,7.7,126,85,6671,528,5.5,9.4,1,38,0.2,33.4,4.4,0,0.054795,0.803205,0.0498401625985465,7.0050348532257,27.663184168372,47.6443047147797,5.63193837363575,12.0056977273883,1.92473425225302,0,3.466795
"D3","D","Acorn","3","Q4",18.8,0.2475379551767,0.171608855309106,0.693262797564141,0.3,4.13,13.33,0.41,4.13,39,40,21,7.8,118,109,6526,560,5.8,9.4,1.3,37.6,0.3,32.6,4.7,0,0.04051,0.46583,0.13955245527593,7.96724903235324,26.7775244789959,45.6606662433576,6.82810227600087,12.6269055140165,1.93568064716454,0,3.66417
"D3","D","Acorn","3","Q5",18.4,0.270009449996828,0.25415085687227,0.941266525579959,0.3,4.08,13.4,0.41,4.08,47,36,17,7.8,127,83,7184,644,5.2,7.6,1,41.5,0.2,35.9,5.4,0,0.045745,0.568555,0.0697762276379651,14.4491615389446,26.4345244799927,46.2117987613723,3.8576285851275,8.97711040692499,2.33902629267938,0,3.511445
"E1","E","Seedbank","1","Q1",15.2,0.325326244068677,0.271530452857693,0.83464048108081,0.32,4.57,14.16,0.45,4.57,44,39,17,7.5,106,86,7171,584,6.1,15,1,40.9,0.2,35.9,4.9,0,0.0569835,0.7780035,0.388753268268662,7.56713220701211,25.496532619888,51.3386569272344,6.05059573946354,9.15832923813331,1.92963919709492,0,3.7919965
"E1","E","Seedbank","1","Q2",17.7,0.316486005643138,0.237767966951066,0.751274820091626,0.3,4.42,14.37,0.48,4.42,48,37,15,7.5,57,21,3610,128,5.2,8.7,1.1,19.2,0.1,18.1,1.1,0,0.067269,1.004581,0.0996803251970929,13.7813033601241,29.5201289464687,40.2556002898704,4.1865736582779,12.1567134200619,2.33408060350456,0,3.415419
"E1","E","Seedbank","1","Q3",16.8,0.291703512134537,0.265190590141757,0.909110035053153,0.29,4.51,15.03,0.45,4.51,49,36,15,7.6,121,99,7470,692,6.6,8,1,43.4,0.3,37.4,5.8,0,0.029732,0.431824,0.119616390236511,20.051096134696,31.8924210058343,31.6256764556069,5.02388838993348,11.2873016236928,2.71802663857011,0,4.078176
"E1","E","Seedbank","1","Q4",16.2,0.29820000758947,0.26913741645923,0.90253993832807,0.27,4.4,15.96,0.45,4.4,43,38,19,7.5,105,122,6472,578,6.5,11.9,1,37.5,0.3,32.4,4.8,0,0.05649,0.747775,0.338913105670116,12.7220005442546,32.3258310597912,38.0064134321232,4.70491134930279,11.9019305088581,2.33672442476976,0,3.652225
"E1","E","Seedbank","1","Q5",16.6,0.297454638976012,0.247964292682619,0.833620526263221,0.31,5.45,17.32,0.51,5.45,45,38,17,7.4,96,71,7406,562,7,11,1,41.9,0.2,37,4.7,0,0.06222,0.96018,0.737634406458488,4.84356668165194,34.8682774342683,46.6012497919173,5.02388838993348,7.92538329577047,2.01745699043169,0,4.48982
"E2","E","Seedbank","2","Q1",16,0.291443921775098,0.286862828843678,0.984281391413077,0.25,5.55,16.72,0.56,5.55,31,48,21,7.7,125,71,6431,562,5.2,7.2,1,37,0.2,32.2,4.7,0,0.060762,0.879218,0.179424585354767,8.43564688045438,24.8772187594385,48.6240626311419,6.23958963603723,11.6440575075732,1.93385230465896,0,4.670782
"E2","E","Seedbank","2","Q2",16.4,0.288530014119209,0.223658250500147,0.775164591395821,0.25,4.46,17.08,0.43,4.46,43,42,15,7.7,121,76,6672,574,5.7,8.1,1,38.3,0.2,33.4,4.8,0,0.0489085,0.6311205,0.4286253983475,6.37555359960606,29.9020042722987,37.4384349391501,6.67858178820523,19.1768000023923,1.84693463063954,0,3.8288795
"E2","E","Seedbank","2","Q3",17.5,0.253641312343681,0.243535315267489,0.960156344473968,0.23,4.25,17.83,0.41,4.25,38,45,17,7.5,102,59,7012,550,6.3,7.8,1,39.8,0.2,35.1,4.6,0,0.056027,0.659185,0.129584422756221,17.4439572291661,26.7291795212753,34.6130958017637,4.56535889402686,16.5188241310118,2.41047592869667,0,3.590815
"E2","E","Seedbank","2","Q4",17.4,0.289608436507408,0.25699991756179,0.887404803054542,0.22,4.27,18.18,0.42,4.27,38,43,19,7.8,105,65,6950,523,5.9,7.8,1,39.3,0.2,34.8,4.4,0,0.055485,0.7423925,0.0897122926773836,8.62543821962965,22.7116636945316,45.5343712713328,5.28305723544592,17.7557572863826,1.83665584470603,0,3.5276075
"E2","E","Seedbank","2","Q5",18.5,0.276334121889133,0.247119534446677,0.894278031092457,0.21,4.14,18.52,0.41,4.14,47,38,15,7.5,93,63,7717,561,5.8,14.5,1,43.4,0.2,38.6,4.7,0,0.0328625,0.379606,0.149520487795639,11.3121220246669,23.139691010928,47.9886005580105,7.15704734915127,10.2530185694478,2.05282703370291,0,3.760394
"E3","E","Seedbank","3","Q1",16.3,0.25256362846584,0.218320024190464,0.864415931607478,0.2,3.92,19.5,0.38,3.92,36,49,15,7.6,102,75,6636,552,5.9,10.1,1,38,0.2,33.2,4.6,0,0.060721,0.866152,0.159488520315349,9.24265879325005,24.5550519484015,47.6242689694151,8.02426617836598,10.3942655902521,1.96588229049438,0,3.053848
"E3","E","Seedbank","3","Q2",16.6,0.280364566121093,0.252999854781945,0.902395970654404,0.19,4.15,20.79,0.4,4.15,36,47,17,7.8,121,114,6800,497,5.6,7.9,1,38.4,0.3,34,4.1,0,0.033361,0.416935,NA,10.034618976941,18.0160226154722,41.6109536715753,9.32011040592819,21.0182943300834,1.72999091912237,0,3.733065
"E3","E","Seedbank","3","Q3",18.6,0.264529262519071,0.245010749865938,0.926214164485013,0.19,4.01,20.58,0.4,4.01,37,44,19,7.6,113,75,6669,489,5.9,7.9,1,37.6,0.2,33.3,4.1,0,0.042341,0.49387,0.199360650394186,11.5022124048177,21.31245096974,40.4577519893701,7.33647193450604,19.1917520511719,1.91882572589705,0,3.51613
"E3","E","Seedbank","3","Q4",18,0.292452009045181,0.284741716453965,0.97363569969518,0.19,4.16,20.53,0.45,4.16,36,43,21,7.7,130,80,6067,510,5.2,7.6,1,34.8,0.2,30.3,4.3,0,0.0337955,0.397018,0.109648357716802,15.079041513865,29.1955698076269,45.8102864114784,4.1865736582779,5.61888025103493,2.46834775873773,0,3.762982
"E3","E","Seedbank","3","Q5",17.9,0.305855233740288,0.276676923470078,0.904600912289812,0.18,3.95,20.17,0.39,3.95,45,36,19,7.6,118,81,6472,556,5.8,6.6,1,37.2,0.2,32.4,4.6,0,0.023175,0.271275,0.0398721300788372,6.42888257358651,19.3265198508384,47.1156002699343,7.16701538167098,19.922109793891,1.60301984037193,0,3.678725
"R1","R","Reference","1","Q1",16.1,0.306433041369563,0.2874235345485,0.937965218319466,0.17,4.13,23.41,0.4,4.13,42,45,13,7.5,80,58,5889,658,5.4,11.4,1,35.1,0.1,29.4,5.5,0,0.034515,0.529523,NA,4.84924846018818,20.1521719844459,49.7395851504226,6.91781456867825,18.3411798362651,1.55932621582585,0,3.600477
"R1","R","Reference","1","Q2",15.8,0.274306074485578,0.268133323836844,0.977496850332936,0.17,4.43,22.88,0.43,4.43,51,36,13,7.6,75,46,6489,632,6.6,11.1,1,37.8,0.1,32.4,5.3,0,0.036039,0.552873,NA,10.0761856725481,26.9233567947592,39.4385206642298,4.84446380457872,18.7174730638841,2.00204284858459,0,3.877127
"R1","R","Reference","1","Q3",15.2,0.28034820376914,0.250097767490958,0.892096914224953,0.17,4.95,24.18,0.45,4.95,48,37,15,6.8,76,54,6194,639,6.9,11.5,1,37.5,0.1,31,5.3,1.1,0.0462605,0.728405,0.318977040630697,4.99567885790271,27.2151211066111,47.7871466207871,6.40944491017307,13.2736314638953,1.78430057306219,0,4.221595
"R1","R","Reference","1","Q4",16.1,0.260573561877962,0.278025343468894,1.06697449067801,0.16,4.52,23.06,0.45,4.52,42,39,19,7.6,93,47,5255,687,6.6,9.1,1,32.1,0.1,26.3,5.7,0,0.031431,0.456286,0.219296715433604,2.75935076210593,27.1540170672653,53.4532753459655,4.46567856882976,11.9483815403999,1.70047153777835,0,4.063714
"R1","R","Reference","1","Q5",16.3,0.26314287802324,0.269797915695234,1.02529058632325,0.17,4.87,21.82,0.45,4.87,50,35,15,7.6,79,46,5747,626,6.8,11.3,1,34.1,0.1,28.7,5.2,0,0.051679,0.679261,NA,3.96239260690964,23.7895070508878,48.6739027937405,6.66831471470992,16.9058828337522,1.61318229488032,0,4.190739
"R2","R","Reference","2","Q1",16.6,0.243664735872444,0.219858188858217,0.902297938480975,0.15,4.29,22.27,0.42,4.29,40,43,17,7.9,76,38,6012,622,6.4,8,1,35.3,0.1,30.1,5.2,0,0.0388495,0.4707495,NA,3.71767740855078,19.9629787272218,46.4506328205445,12.0214472187694,17.8472638249135,1.45153457860641,0,3.8192505
"R2","R","Reference","2","Q2",17.1,0.266413558271008,0.242173100024571,0.909011919649457,0.15,4.44,23.27,0.43,4.44,45,40,15,7.8,83,52,6197,675,5.7,9.4,1,36.7,0.1,31,5.6,0,0.033232,0.4503195,NA,4.74478347938162,18.9629857048446,52.840540386979,9.20049401569168,14.2511964131032,1.55087554213637,0,3.9896805
"R2","R","Reference","2","Q3",16.4,0.275828613701687,0.290374329664825,1.05273461577438,0.14,4.11,24.29,0.39,4.11,35,50,15,7.3,74,43,6859,570,6.1,8.8,1,39.3,0.1,34.3,4.8,0.1,0.048195,0.6470935,0.13955245527593,3.44644724368949,24.709556452457,53.1891224841932,7.59564078001848,10.9196805843659,1.66354356578453,0,3.4629065
"R2","R","Reference","2","Q4",16.2,0.314688217177633,0.267570392213632,0.850271403910225,0.15,4.65,23.6,0.43,4.65,45,40,15,7.4,68,47,7006,580,6.5,11.5,1,40,0.1,35,4.8,0,0.05875,0.753247,0.538273756064302,4.60642718800806,19.736006626748,57.872801924229,8.50273173931203,8.7437587656386,1.62370061712089,0,3.896753
"R2","R","Reference","2","Q5",15.7,0.427741469499296,0.321252199619279,0.751042913831407,0.15,5,22.53,0.44,5,37,44,19,7.6,98,74,5765,623,6.9,11.5,1,34.2,0.2,28.8,5.2,0,0.041077,0.601984,NA,5.46048821429675,23.4761121084681,43.7073305907953,5.01392035741377,22.342148729026,1.63972846581015,0,4.398016
"R3","R","Reference","3","Q1",18.1,0.229842944136578,0.245314017486541,1.06731150006836,0.13,4.02,24.54,0.39,4.02,48,35,17,7.7,90,48,5523,669,5.1,4.1,1,33.3,0.1,27.6,5.6,0,0.029931,0.451582,0.458529495906627,6.70290378755332,28.1476305488299,48.9080518776284,7.53563322424983,8.24725106583188,1.93892471543759,0,3.568418
"R3","R","Reference","3","Q2",19.7,0.319825666282909,0.310427555526328,0.970614895090166,0.14,4.78,22.93,0.42,4.78,41,42,17,7.5,69,45,7462,594,6.5,15.1,1,42.4,0.1,37.3,5,0,0.049182,0.722973,NA,3.73003776887522,22.0842757277411,48.7897313316195,7.04739899143447,18.3485561803297,1.5426955005298,0,4.057027
"R3","R","Reference","3","Q3",18.3,0.411219588538473,0.292393876432802,0.711040730019714,0.15,4.94,21.07,0.44,4.94,55,28,17,7.3,88,89,5516,774,6.1,7.8,1,34.4,0.2,27.6,6.5,0.1,0.050031,0.740332,0.627986048741685,6.97752308347131,36.2623067821496,39.225703169934,1.87329235142897,15.0331885642744,2.11279714904302,0,4.199668
"R3","R","Reference","3","Q4",17.2,0.286566180973496,0.269695272394608,0.941127356614184,0.14,4.48,20.5,0.4,4.48,54,29,17,7.4,89,132,5507,782,5.9,13.7,2.6,34.4,0.3,27.5,6.5,0,0.039912,0.608356,0.27910491055186,9.15135161536951,35.9588798722497,42.7994421889002,3.24957860142523,8.56164281150351,2.28342769737452,0,3.871644
"R3","R","Reference","3","Q5",17,0.305344964735629,0.289108746226319,0.946826637461118,0.15,4.85,20.8,0.43,4.85,51,30,19,7.5,84,126,4994,907,5.9,7,1,32.9,0.3,25,7.6,0,0.02718,0.40857,0.229264747953314,2.80081777738792,21.9646593375046,51.5525709051073,10.9947398692393,12.4579473628075,1.51648283953362,0,4.44143
